{"cameraMode":{"drawMode":0,"name":"Shaded","section":"Shading Mode"},"sceneLighting":false,"audioPlay":false,"sceneViewState":{"showFog":false,"showMaterialUpdate":false,"showSkybox":false,"showFlares":false,"showImageEffects":false,"showParticleSystems":false},"in2DMode":false,"pivot":{"x":0.0002499818801879883,"y":1.000249981880188,"z":0.0002499818801879883},"rotation":{"x":0.25171419978141787,"y":-0.212723970413208,"z":0.056817006319761279,"w":0.9424226880073547},"size":1.4801239967346192,"orthographic":false}