{"cameraMode":{"drawMode":0,"name":"Shaded","section":"Shading Mode"},"sceneLighting":true,"audioPlay":false,"sceneViewState":{"showFog":false,"showMaterialUpdate":false,"showSkybox":false,"showFlares":false,"showImageEffects":false,"showParticleSystems":false},"in2DMode":false,"pivot":{"x":0.0872250348329544,"y":0.509761393070221,"z":0.6981174945831299},"rotation":{"x":0.24105887115001679,"y":-0.0886550173163414,"z":0.0221185814589262,"w":0.9662005305290222},"size":0.8748431205749512,"orthographic":false}